<?xml version="1.0" encoding="UTF-8"?>
<beans xmlns="http://www.springframework.org/schema/beans"
	xmlns:xsi="http://www.w3.org/2001/XMLSchema-instance" xmlns:aop="http://www.springframework.org/schema/aop"
	xmlns:tx="http://www.springframework.org/schema/tx"
	xsi:schemaLocation="
     http://www.springframework.org/schema/beans 
     http://www.springframework.org/schema/beans/spring-beans-3.0.xsd
     http://www.springframework.org/schema/tx
     http://www.springframework.org/schema/tx/spring-tx-3.0.xsd
     http://www.springframework.org/schema/aop 
     http://www.springframework.org/schema/aop/spring-aop-3.0.xsd">

	<bean id="employeeDao" class="org.santosh.dao.EmployeeDao">
		<property name="sessionFactory" ref="mySessionFactory"></property>
	</bean>
	<bean id="departmentDao" class="org.santosh.dao.DepartmentDao">
		<property name="sessionFactory" ref="mySessionFactory"></property>
	</bean>
	
	<bean id="mySessionFactory" class="org.springframework.orm.hibernate3.LocalSessionFactoryBean">
		<property name="dataSource" ref="myDataSource" />

		<property name="mappingResources">
			<list>
				<value>org/santosh/dao/hibernate/Employee.hbm.xml</value>
				<value>org/santosh/dao/hibernate/Department.hbm.xml</value>
			</list>
		</property>
		
		<property name="hibernateProperties">
			<props>
				<prop key="hibernate.dialect">org.hibernate.dialect.MySQLDialect</prop>
				<prop key="hibernate.show_sql">true</prop>
			</props>
		</property>
	</bean>
	
	<bean id="myDataSource"
		class="org.springframework.jdbc.datasource.DriverManagerDataSource">
		<property name="driverClassName" value="com.mysql.jdbc.Driver" />
		<property name="url" value="jdbc:mysql://localhost/test" />
		<property name="username" value="" />
		<property name="password" value="" />
	</bean>
</beans>