<?xml version="1.0"?>
<!DOCTYPE hibernate-mapping PUBLIC "-//Hibernate/Hibernate Mapping DTD 3.0//EN"
"http://hibernate.org/dtd/hibernate-mapping-3.0.dtd">

<hibernate-mapping>
	<class name="com.csc.training.hibernate.model.Student" table="students">
        <id name="id" type="int">
            <column name="student_id" />
            <generator class="increment" />
        </id>
        <property name="fullName" type="string">
            <column name="fullname" />
        </property>
        <property name="sex" type="string">
            <column name="sex" />
        </property>
        <property name="address" type="string">
            <column name="address" />
        </property>
    </class>
</hibernate-mapping>
