<?xml version="1.0"?>
<!DOCTYPE hibernate-mapping PUBLIC "-//Hibernate/Hibernate Mapping DTD 3.0//EN"
"http://hibernate.sourceforge.net/hibernate-mapping-3.0.dtd">
<hibernate-mapping>
    <class name="com.csc.training.hibernate.model.Stock" table="stock">
        <id name="stockId" type="integer">
            <column name="STOCK_ID" />
            <generator class="identity" />
        </id>
        <property name="stockCode" type="string">
            <column name="STOCK_CODE" length="10" not-null="true" unique="true" />
        </property>
        <property name="stockName" type="string">
            <column name="STOCK_NAME" length="20" not-null="true" unique="true" />
        </property>
        
        <set name="stockDailyRecords" table="stock_daily_record" 
        					inverse="true" lazy="true" fetch="select">
            <key>
                <column name="STOCK_ID" not-null="true" />
            </key>
            <one-to-many class="com.csc.training.hibernate.model.StockDailyRecord" />
        </set>
    </class>
</hibernate-mapping>
