<?xml version="1.0" encoding="UTF-8"?>
<beans xmlns="http://www.springframework.org/schema/beans"
	xmlns:jdbc="http://www.springframework.org/schema/jdbc" 
	xmlns:xsi="http://www.w3.org/2001/XMLSchema-instance"
	xmlns:tx="http://www.springframework.org/schema/tx"
	xsi:schemaLocation="http://www.springframework.org/schema/beans 
						http://www.springframework.org/schema/beans/spring-beans.xsd
						http://www.springframework.org/schema/jdbc 
						http://www.springframework.org/schema/jdbc/spring-jdbc.xsd
						http://www.springframework.org/schema/tx
        				http://www.springframework.org/schema/tx/spring-tx.xsd">

	<bean id="dataSource"
		class="org.springframework.jdbc.datasource.DriverManagerDataSource">
		<property name="driverClassName" value="com.mysql.jdbc.Driver" />
		<property name="url" value="jdbc:mysql://localhost/fresher_training" />
		<property name="username" value="root" />
		<property name="password" value="root" />
	</bean>
	
	<bean id="sessionFactory"
		class="org.springframework.orm.hibernate4.LocalSessionFactoryBean">
		<property name="dataSource" ref="dataSource" />
		<property name="mappingResources">
			<list>
				<value>employee.hbm.xml</value>
			</list>
		</property>
		<property name="hibernateProperties">
			<props>
				<prop key="hibernate.dialect">
					org.hibernate.dialect.MySQL5Dialect
				</prop>
				<prop key="hibernate.format_sql">true</prop>
				<prop key="hibernate.show_sql">true</prop>
			</props>
		</property>
	</bean>
	
	<tx:annotation-driven/>
	<bean id="transactionManager" class="org.springframework.orm.hibernate4.HibernateTransactionManager">
		<property name="sessionFactory" ref="sessionFactory"/>
	</bean>
	
	<bean id="employeeHibernateDao" class="spring.hibernate.dao.EmployeeHibernateDaoImpl">
		<property name="sessionFactory" ref="sessionFactory" />
	</bean>
	
    <bean id="hibernateDaoExample" class="spring.hibernate.HibernateDaoExample">
		<property name="employeeDao" ref="employeeHibernateDao" />
	</bean>
</beans>
