<!DOCTYPE hibernate-mapping
PUBLIC "-//Hibernate/Hibernate Mapping DTD 3.0//EN"
"http://hibernate.sourceforge.net/hibernate-mapping-3.0.dtd">

<hibernate-mapping package="spring.hibernate.model">
	<class name="Employee" table="EMPLOYEE">
		<id name="id" type="long" column="EMPLOYEE_ID">
			<generator class="identity" />
		</id>
		<property name="name" type="string">
			<column name="NAME" length="100" not-null="true" />
		</property>
		<property name="contact" type="string">
			<column name="CONTACT" length="100" />
		</property>
	</class>
</hibernate-mapping>