<?xml version="1.0"?>
<!DOCTYPE hibernate-mapping PUBLIC "-//Hibernate/Hibernate Mapping DTD 3.0//EN"
"http://hibernate.sourceforge.net/hibernate-mapping-3.0.dtd">
<hibernate-mapping>
    <class name="com.csc.training.hibernate.model.Category" table="category">
        <id name="categoryId" type="integer">
            <column name="CATEGORY_ID" />
            <generator class="identity" />
        </id>
        <property name="name" type="string">
            <column name="NAME" length="10" not-null="true" />
        </property>
        <property name="desc" type="string">
            <column name="[DESC]" not-null="true" />
        </property>
        
        <set name="stocks" table="stock_category" inverse="true" lazy="true" fetch="select">
            <key>
                <column name="CATEGORY_ID" not-null="true" />
            </key>
            <many-to-many entity-name="com.csc.training.hibernate.model.Stock">
                <column name="STOCK_ID" not-null="true" />
            </many-to-many>
        </set>
    </class>
</hibernate-mapping>
