<?xml version="1.0"?>
<!DOCTYPE hibernate-mapping PUBLIC 
"-//Hibernate/Hibernate Mapping DTD 3.0//EN"
"http://hibernate.sourceforge.net/hibernate-mapping-3.0.dtd">


<hibernate-mapping>
	<class name="org.santosh.vo.Department" table="DEPT">
		<id name="departmentId" type="long" column="deptid">
			<generator class="increment" />
		</id>

		<property name="deptname" >
			<column name="DEPTNAME"></column>
		</property>

		<property name="address">
			<column name="ADDRESS" />
		</property>
	</class>
</hibernate-mapping>