<beans xmlns="http://www.springframework.org/schema/beans"
	xmlns:xsi="http://www.w3.org/2001/XMLSchema-instance" xmlns:aop="http://www.springframework.org/schema/aop"
	xmlns:context="http://www.springframework.org/schema/context"
	xmlns:mvc="http://www.springframework.org/schema/mvc" xmlns:jee="http://www.springframework.org/schema/jee"
	xmlns:lang="http://www.springframework.org/schema/lang" xmlns:p="http://www.springframework.org/schema/p"
	xmlns:tx="http://www.springframework.org/schema/tx" xmlns:util="http://www.springframework.org/schema/util"
	xsi:schemaLocation="http://www.springframework.org/schema/beans http://www.springframework.org/schema/beans/spring-beans-4.0.xsd
        http://www.springframework.org/schema/aop http://www.springframework.org/schema/aop/spring-aop-4.0.xsd
        http://www.springframework.org/schema/context http://www.springframework.org/schema/context/spring-context-4.0.xsd
        http://www.springframework.org/schema/jee http://www.springframework.org/schema/jee/spring-jee-4.0.xsd
        http://www.springframework.org/schema/lang http://www.springframework.org/schema/lang/spring-lang-4.0.xsd
        http://www.springframework.org/schema/tx http://www.springframework.org/schema/tx/spring-tx-4.0.xsd
        http://www.springframework.org/schema/util http://www.springframework.org/schema/util/spring-util-4.0.xsd
        http://www.springframework.org/schema/mvc http://www.springframework.org/schema/mvc/spring-mvc-4.0.xsd ">
   	<mvc:annotation-driven />
    <context:annotation-config />
	<context:component-scan base-package="com.lyquyduong.controller" />
	<context:component-scan base-package="com.lyquyduong.dao" />
	<context:component-scan base-package="com.lyquyduong.service" />
	
	<bean
		class="org.springframework.web.servlet.view.InternalResourceViewResolver">
		<property name="prefix">
			<value>/WEB-INF/jsp/</value>
		</property>
		<property name="suffix">
			<value>.jsp</value>
		</property>
	</bean>
	
	<bean id="dataSource"
		class="org.springframework.jdbc.datasource.DriverManagerDataSource">
		<property name="driverClassName" value="net.sourceforge.jtds.jdbc.Driver" />
		<property name="url" value="jdbc:jtds:sqlserver://localhost:1433;databaseName=springdemo" />
		<property name="username" value="sa" />
		<property name="password" value="Admin2012" />
	</bean>
	
	<bean id="sessionFactory"
		class="org.springframework.orm.hibernate4.LocalSessionFactoryBean">
		<property name="dataSource" ref="dataSource" />
		<property name="packagesToScan" value="com.lyquyduong.model"/>
		<property name="hibernateProperties">
			<props>
				<prop key="hibernate.show_sql">true</prop>
				<!-- JDBC Connection Pool (use the built-in) -->
				<prop key="hibernate.connection.pool_size">50</prop>
				<!-- SQL Dialect -->
				<prop key="hibernate.dialect">org.hibernate.dialect.SQLServerDialect</prop>
				<!-- Echo all executed SQL to stdout -->
				<prop key="show_sql">true</prop>
				<prop key="format_sql">true</prop>
<!-- 				<prop key="hibernate.hbm2ddl.auto">create</prop> -->
				<prop key="use_sql_comments">true</prop>
				<prop key="hibernate.default_schema">dbo</prop>
			</props>
		</property>
		<!-- maybe use define in here
		<property name="mappingResources">
		<property name="annotatedClasses" >
        <list>
            ...
        </list>
    	</property>  -->
	</bean>
</beans>