<?xml version="1.0"?>
<!DOCTYPE hibernate-mapping PUBLIC 
"-//Hibernate/Hibernate Mapping DTD 3.0//EN"
"http://hibernate.sourceforge.net/hibernate-mapping-3.0.dtd">

<hibernate-mapping>
	<class name="org.santosh.vo.Employee" table="EMP" >
		<id name="employeeId" type="long" column="empid">
			<generator class="increment" />
		</id>

		<property name="name">
			<column name="name"></column>
		</property>

		<!--  <many-to-one name="department" column="dept"
			class="org.santosh.vo.Department" cascade="delete" fetch="join"/> -->
		
		<many-to-one name="department" column="dept"
			class="org.santosh.vo.Department" cascade="delete" lazy="false" /> 

		<property name="salary" type="java.lang.Float">
			<column name="SAL" />
		</property>
	</class>
</hibernate-mapping>
