<beans xmlns="http://www.springframework.org/schema/beans"
	xmlns:xsi="http://www.w3.org/2001/XMLSchema-instance" xmlns:aop="http://www.springframework.org/schema/aop"
	xmlns:context="http://www.springframework.org/schema/context"
	xmlns:mvc="http://www.springframework.org/schema/mvc" xmlns:jee="http://www.springframework.org/schema/jee"
	xmlns:lang="http://www.springframework.org/schema/lang" xmlns:p="http://www.springframework.org/schema/p"
	xmlns:tx="http://www.springframework.org/schema/tx" xmlns:util="http://www.springframework.org/schema/util"
	xsi:schemaLocation="http://www.springframework.org/schema/beans http://www.springframework.org/schema/beans/spring-beans-4.0.xsd
        http://www.springframework.org/schema/aop http://www.springframework.org/schema/aop/spring-aop-4.0.xsd
        http://www.springframework.org/schema/context http://www.springframework.org/schema/context/spring-context-4.0.xsd
        http://www.springframework.org/schema/jee http://www.springframework.org/schema/jee/spring-jee-4.0.xsd
        http://www.springframework.org/schema/lang http://www.springframework.org/schema/lang/spring-lang-4.0.xsd
        http://www.springframework.org/schema/tx http://www.springframework.org/schema/tx/spring-tx-4.0.xsd
        http://www.springframework.org/schema/util http://www.springframework.org/schema/util/spring-util-4.0.xsd
        http://www.springframework.org/schema/mvc http://www.springframework.org/schema/mvc/spring-mvc-4.0.xsd ">
        
	<tx:annotation-driven />
	<mvc:annotation-driven
		content-negotiation-manager="contentNegotiationManager" />
	<bean id="contentNegotiationManager"
		class="org.springframework.web.accept.ContentNegotiationManagerFactoryBean">
		<!-- Turn off working out content type based on URL file extension, should 
			fall back to looking at the Accept headers -->
		<property name="favorPathExtension" value="false" />
	</bean>
	<context:annotation-config />
	<context:component-scan base-package="com.csc.controller" />
	<context:component-scan base-package="com.csc.dao" />
	<context:component-scan base-package="com.csc.service" />
	<bean
		class="org.springframework.web.servlet.view.InternalResourceViewResolver">
		<property name="prefix">
			<value>/WEB-INF/jsp/</value>
		</property>
		<property name="suffix">
			<value>.jsp</value>
		</property>
	</bean>


	<!-- Database Configuration -->
	<import resource="DataSource.xml" />
	<!-- Hibernate 4 SessionFactory Bean definition -->
	<import resource="hibernate.cfg.xml" />
	<bean id="transactionManager"
		class="org.springframework.orm.hibernate4.HibernateTransactionManager">
		<property name="sessionFactory" ref="sessionFactory" />
	</bean>
</beans>