<?xml version="1.0" encoding="UTF-8"?>
<beans xmlns="http://www.springframework.org/schema/beans"
	xmlns:mvc="http://www.springframework.org/schema/mvc" 
	xmlns:context="http://www.springframework.org/schema/context"
	xmlns:xsi="http://www.w3.org/2001/XMLSchema-instance"
	xsi:schemaLocation="
        http://www.springframework.org/schema/beans     
        http://www.springframework.org/schema/beans/spring-beans.xsd
        http://www.springframework.org/schema/mvc 
        http://www.springframework.org/schema/mvc/spring-mvc.xsd
        http://www.springframework.org/schema/context 
        http://www.springframework.org/schema/context/spring-context.xsd">
        
    <!-- MySQL data source -->
	<bean id="dataSource" class="org.apache.commons.dbcp.BasicDataSource"
		destroy-method="close">
		<property name="driverClassName" value="com.mysql.jdbc.Driver" />
		<property name="url" value="jdbc:mysql://localhost:3306/fresher_training" />
		<property name="username" value="root" />
		<property name="password" value="root" />
	</bean>

	<!-- Hibernate session factory -->
	<bean id="sessionFactory"
		class="org.springframework.orm.hibernate4.LocalSessionFactoryBean">
		<property name="dataSource" ref="dataSource" />
		<property name="mappingResources">
			<list>
				<value>student.hbm.xml</value>
			</list>
		</property>
		<property name="hibernateProperties">
			<props>
				<prop key="hibernate.dialect">
					org.hibernate.dialect.MySQL5Dialect
				</prop>
				<prop key="hibernate.format_sql">true</prop>
				<prop key="hibernate.show_sql">true</prop>
			</props>
		</property>
	</bean>    
        
        

	<context:component-scan base-package="controller, dao, service" />
	
	<mvc:annotation-driven />

	<bean class="org.springframework.web.servlet.view.InternalResourceViewResolver">
		<property name="prefix">
			<value>/WEB-INF/jsp/</value>
		</property>
		<property name="suffix">
			<value>.jsp</value>
		</property>
	</bean>

	<bean id="messageSource"
		class="org.springframework.context.support.ResourceBundleMessageSource">
		<property name="basename" value="messages" />
	</bean>
	
	<bean id="studentDao" class="dao.StudentDaoImpl">
		<property name="sessionFactory" ref="sessionFactory" />
	</bean>
	
	<bean id="studentService" class="service.StudentServiceImpl">
	</bean>
</beans>
